Credit_ID,Card_Type,Credit_Name,Credit_score,,,,Credit_ID,Card_Type,Credit_Name,Credit_score,row_number,rank,Dense_Rank
1,master,cloudfreak,978,,,,2,master,rama,1240,1,1,1
1,visa,cloudfreak,978,,,,6,master,srinu,1240,2,1,1
2,master,rama,1240,,,,3,master,krishna,1140,3,3,2
2,visa,rama,1240,,,,8,master,siva,1140,4,3,2
3,master,krishna,1140,,,,1,master,cloudfreak,978,5,5,3
3,visa,krishna,1140,,,,4,master,sai,770,6,6,4
4,master,sai,770,,,,2,visa,rama,1240,1,1,1
4,visa,sai,770,,,,6,visa,srinu,1240,2,1,1
6,master,srinu,1240,,,,9,visa,siva,1140,3,3,2
6,visa,srinu,1240,,,,3,visa,krishna,1140,4,3,2
8,master,siva,1140,,,,1,visa,cloudfreak,978,5,5,3
9,visa,siva,1140,,,,4,visa,sai,770,6,6,4
6,master,srinu,1240,,,,,,,,,,
6,visa,srinu,1240,,,,,,,,,,
8,master,siva,1140,,,,,,,,,,
9,visa,siva,1140,,,,,,,,,,
2,master,rama,1240,,,,,,,,,,
2,visa,rama,1240,,,,,,,,,,
3,master,krishna,1140,,,,,,,,,,
3,visa,krishna,1140,,,,,,,,,,
4,master,sai,770,,,,,,,,,,
4,visa,sai,770,,,,,,,,,,
6,master,srinu,1240,,,,,,,,,,
6,visa,srinu,1240,,,,,,,,,,
8,master,siva,1140,,,,,,,,,,
9,visa,siva,1140,,,,,,,,,,
6,master,srinu,1240,,,,,,,,,,
6,visa,srinu,1240,,,,,,,,,,
8,master,siva,1140,,,,,,,,,,
9,visa,siva,1140,,,,,,,,,,
